<?xml version="1.0" encoding="UTF-8"?>
<project-private xmlns="http://www.netbeans.org/ns/project-private/1">
    <editor-bookmarks xmlns="http://www.netbeans.org/ns/editor-bookmarks/2" lastBookmarkId="0"/>
    <open-files xmlns="http://www.netbeans.org/ns/projectui-open-files/2">
        <group>
            <file>file:/home1/vv224843/Documents/L1/Info2B/TP1/src/tp1/Main.java</file>
            <file>file:/home1/vv224843/Documents/L1/Info2B/TP1/src/tp1/LesChiffres.java</file>
        </group>
    </open-files>
</project-private>
